role	company	title	location	url	ats_date	ats_family	date_field	source	flags	notes
account-executive	Hercules	Senior Technical Account Executive, Mid-market	San Francisco	https://jobs.ashbyhq.com/hercules/6e5fe916-fa4a-4da1-a8dc-a6a560b57ad5	2026-10-05T00:21:11Z	ashby		linkedin-guest -> ashby		
account-executive	Hercules	Senior Technical Account Executive, SMB	San Francisco	https://jobs.ashbyhq.com/hercules/db571705-a90c-4128-a581-7f95029bbc1f	2026-10-05T00:15:33Z	ashby		linkedin-guest -> ashby		
marketing-manager	Cisco	Sr. Technical Product Marketing Manager, AI and AgenticOps	San Jose, California, US	https://cisco.wd5.myworkdayjobs.com/Cisco_Careers/job/San-Jose-California-US/Sr-Technical-Product-Marketing-Manager--AI-and-AgenticOps_2024135-1	2026-10-04	workday	Workday postedOn Posted Today / startDate		repost-suspect:-1-suffix	possible repost (-1 suffix); day-granular
product-manager	Bobyard	Staff Product Manager	San Francisco	https://jobs.ashbyhq.com/bobyard/8f8d6d15-5026-4b69-8d30-d36827f215e0	2026-10-04T22:49:20Z	ashby	publishedAt			
software-engineer	Sentry	Staff Software Engineer, AI Developer Tooling	San Francisco, California	https://jobs.ashbyhq.com/sentry/c00e77f5-bd58-49da-b4a8-3b6249529747	2026-10-04T03:45:38Z	ashby	publishedAt			verified by 3 reviewers; ~61 min inside window edge (03:45:38Z vs a 02:45Z edge)
software-engineer	NVIDIA	Principal Software Engineer, Rack-Scale System Software — CSP Engagements	US, CA, Santa Clara; US, TX, Austin; US, OR, Remote; US, CA, Remote	https://nvidia.wd5.myworkdayjobs.com/NVIDIAExternalCareerSite/job/US-CA-Santa-Clara/Principal-Software-Engineer--Rack-Scale-System-Software---CSP-Engagements_JR2020316	2026-10-04	workday	startDate/postedOn			detail startDate 2026-10-04; canApply=true; Workday startDate is bumpable on reposts (JR id may be older)
software-engineer	NVIDIA	Senior Systems Software Engineer, Data Center Platform Enablement	US, CA, Santa Clara	https://nvidia.wd5.myworkdayjobs.com/NVIDIAExternalCareerSite/job/US-CA-Santa-Clara/Senior-Systems-Software-Engineer--Data-Center-Platform-Enablement_JR2019870	2026-10-04	workday	startDate/postedOn			detail startDate 2026-10-04; canApply=true; Workday startDate is bumpable on reposts (JR id may be older)
software-engineer	NVIDIA	Senior Linux Kernel Systems Software Engineer – CSP Engagements	US, CA, Santa Clara; US, TX, Austin; US, WA, Redmond; US, WA, Seattle	https://nvidia.wd5.myworkdayjobs.com/NVIDIAExternalCareerSite/job/US-CA-Santa-Clara/Senior-Linux-Kernel-Systems-Software-Engineer---CSP-Engagements_JR2015287	2026-10-04	workday	startDate/postedOn			detail startDate 2026-10-04; canApply=true; Workday startDate is bumpable on reposts (JR id may be older)
software-engineer	NVIDIA	Senior Software Engineer, Network Visibility Platform - DGX Cloud	US, CA, Santa Clara; US, Remote	https://nvidia.wd5.myworkdayjobs.com/NVIDIAExternalCareerSite/job/US-CA-Santa-Clara/Senior-Software-Engineer--Network-Visibility-Platform---DGX-Cloud_JR2026403	2026-10-04	workday	startDate/postedOn			detail startDate 2026-10-04; canApply=true; Workday startDate is bumpable on reposts (JR id may be older)
software-engineer	NVIDIA	Senior Software Engineer, System Validation - EDA Infrastructure	US, CA, Santa Clara; US, MA, Westford; US, TX, Austin; US, NC, Durham; US, CA, Remote	https://nvidia.wd5.myworkdayjobs.com/NVIDIAExternalCareerSite/job/US-CA-Santa-Clara/Senior-Software-Engineer--Next-Generation-Architecture---EDA-Infrastructure_JR2014880	2026-10-04	workday	startDate/postedOn		repost-suspect:slug-title-mismatch	detail startDate 2026-10-04; canApply=true; Workday startDate is bumpable on reposts (JR id may be older)
software-engineer	NVIDIA	Senior Full-Stack Software Engineer, Storage Management Platform - DGX Cloud	US, CA, Santa Clara; US, Remote	https://nvidia.wd5.myworkdayjobs.com/NVIDIAExternalCareerSite/job/US-CA-Santa-Clara/Senior-Software-Engineer--Kubernetes-and-Virtualization---DGX-Cloud_JR2007944	2026-10-04	workday	startDate/postedOn		repost-suspect:slug-title-mismatch	detail startDate 2026-10-04; canApply=true; Workday startDate is bumpable on reposts (JR id may be older)
software-engineer	NVIDIA	Principal Software Engineer - Rack Scale Systems Infrastructure	US, CA, Santa Clara; US, NC, Remote; US, TX, Remote; US, Remote; US, MA, Remote	https://nvidia.wd5.myworkdayjobs.com/NVIDIAExternalCareerSite/job/US-CA-Santa-Clara/Principal-Software-Engineer---Rack-Scale-Systems-Infrastructure_JR2017966	2026-10-04	workday	startDate/postedOn			detail startDate 2026-10-04; canApply=true; Workday startDate is bumpable on reposts (JR id may be older)
software-engineer	NVIDIA	Senior Software Engineer - Manufacturing and Factory	US, CA, Santa Clara; US, TX, Austin; US, Remote; US, NC, Durham; US, WA, Redmond	https://nvidia.wd5.myworkdayjobs.com/NVIDIAExternalCareerSite/job/US-CA-Santa-Clara/Senior-Software-Engineer---Manufacturing-and-Factory_JR2020348-1	2026-10-04	workday	startDate/postedOn		repost-suspect:-1-suffix	detail startDate 2026-10-04; canApply=true; Workday startDate is bumpable on reposts (JR id may be older)
software-engineer	NVIDIA	Senior System Software Engineer - GPU Performance	US, CA, Santa Clara; US, Remote	https://nvidia.wd5.myworkdayjobs.com/NVIDIAExternalCareerSite/job/US-CA-Santa-Clara/Senior-HPC-Performance-Engineer_JR1997214	2026-10-03	workday	startDate/postedOn		out-of-window:day-date-2026-10-03;repost-suspect:old-jr-id;slug-title-mismatch	detail startDate 2026-10-03; canApply=true; Workday startDate is bumpable on reposts (JR id may be older)
